..\images\0\0.jpg;0
..\images\0\1.jpg;0
..\images\0\2.jpg;0
..\images\0\3.jpg;0
..\images\0\4.jpg;0
..\images\0\5.jpg;0
..\images\0\6.jpg;0
..\images\0\7.jpg;0
..\images\0\8.jpg;0
..\images\0\9.jpg;0






























..\images\1\0.jpg;1
..\images\1\1.jpg;1
..\images\1\2.jpg;1
..\images\1\3.jpg;1
..\images\1\4.jpg;1
..\images\1\5.jpg;1
..\images\1\6.jpg;1
..\images\1\7.jpg;1
..\images\1\8.jpg;1
..\images\1\9.jpg;1
..\images\2\0.jpg;2
..\images\2\1.jpg;2
..\images\2\2.jpg;2
..\images\2\3.jpg;2
..\images\2\4.jpg;2
..\images\2\5.jpg;2
..\images\2\6.jpg;2
..\images\2\7.jpg;2
..\images\2\8.jpg;2
..\images\2\9.jpg;2










